original_english,original_rephrase,query_sentence_hindi,matched_sentence_hindi,similarity_score
11-year-old moron can't wait to get her first period,,11 साल की बेवकूफ अपनी पहली पीरियड पाने के लिए इंतजार नहीं कर सकता,पहला IPL विकेट लेने से सबसे कम उम्र के खिलाड़ी,0.6058693
one-year-old still waiting for father's first words,,एक साल का बच्चा अभी भी पिता के पहले शब्दों की प्रतीक्षा कर रहा है,एक बेटे को अपनी मां की आखिरी इच्छा पूरी करने से नहीं रोक सकता...,0.609716
outfit just screams police officer,,पोशाक सिर्फ पुलिस अधिकारी चिल्लाता है,शानोशौकत देख दंग रह गए पुलिस अधिकारी,0.61519694
"several probably killed in shooting, lazy police report confirms",,"कई संभवतः शूटिंग में मारे गए, आलसी पुलिस रिपोर्ट पुष्टि करता है",-हत्या के मामले में कई आरोपितों ने न्यायालय में पहले ही कर दिया था समर्पण,0.6116923
infants piling up at orphanage's old address,,अनाथालय के पुराने पते पर बच्चे ढेर हो रहे हैं,-सुप्रीम कोर्ट के निर्देशों की अवहेलना कर चाइल्ड होम में रखे बच्चे,0.6105971
mom learns about new vegetable,,माँ नई सब्जी के बारे में सीखती है,भूमि ने क्या-क्या सीखा नया,0.6747266
study finds no logical reason why planes fly,,अध्ययन में कोई तार्किक कारण नहीं पाया गया है कि विमान क्यों उड़ते हैं,"एयरलाइन का कहना है कि उन्होंने आरोपी पायलट की पृष्ठभूमि की जांच की थी लेकिन उन्हें कोई क्रिमिनल हिस्ट्री नहीं मिली, जिससे उसे कमर्शियल पायलट बनने के लिए अयोग्य ठहराया जा सके।",0.6466424
teen weirded out after running over english teacher outside of school,,किशोर स्कूल के बाहर अंग्रेजी के शिक्षक को चक्कर लगाने के बाद अजीब हो गया,स्कूल छोडऩे के बाद भी कर रहा था परेशान,0.62149143
report: climate change to force people to double ice cream consumption speed by 2050,,रिपोर्टः जलवायु परिवर्तन 2050 तक लोगों को आइसक्रीम की खपत की गति दोगुनी करने के लिए मजबूर करेगा,पहले से कहीं ज्यादा लोगों को आज तेजी से हो रहे विकास और उत्पादन की वजह से पर्यावरण पर पड़ने वाले नकारात्मक प्रभाव के बारे में अधिक जानकारी है. संयुक्त राष्ट्र पर्यावरण कार्यक्रम(यूएनईपी) चेतावनी देती है कि अगर ऐसे ही उपभोक्ताओं की आदतों में वर्तमान दर से विकास होता रहा तो हमारी खपत की दर साल 2050  तक तिगुना हो जाएगी.  अगर स्पष्ट शब्दों में कहा जाए तो इसका मतलब यह है कि विश्व के पास उस तरह की खपत के लिए संसाधन नहीं होंगे.,0.6339781
non-denominational terrorist organization welcomes extremists of all faiths,,गैर-धार्मिक आतंकवादी संगठन सभी धर्मों के चरमपंथियों का स्वागत करता है,दुनियाभर में आतंकी हमले की कड़ी निंदा,0.62023443
"trump thanks supporters who sacrificed time, money, friends, family, morals, religious beliefs to be here today",,"ट्रंप उन समर्थकों का शुक्रिया अदा करते हैं जिन्होंने समय, धन, मित्रों, परिवार, नैतिकता, धार्मिक विश्वासों का त्याग करके आज यहां उपस्थित हुए हैं।",इस अवसर पर प्रधानमंत्री नरेंद्र मोदी ने ट्वीट कर कहा है आज का दिन आतंकवाद के खिलाफ मिलकर लड़ने और मानवता के लिए खतरनाक चीज को पूरी तरह से समाप्त करने को लेकर प्रतिबद्धता की पुष्टि करने का दिन है। पीएम मोदी ने कहा कि हम उन वीर जवानों और अधिकारियों को सलाम करते हैं जिन लोगों ने देश की सुरक्षा के लिए अपने प्राण न्योछावर कर दिए। वे ही हमारे असली हीरो हैं। हम उस दिन को याद करते हुए उन लोगों को श्रद्धांजलि अर्पित करते हैं जो इस आतंकी हमले में मारे गए थे।,0.6324027
trump promises government will continue to fund all essential mar-a-lago staff during shutdown,,ट्रम्प ने वादा किया है कि सरकार बंद के दौरान सभी आवश्यक मार्-ए-लागो कर्मचारियों को वित्त पोषित करना जारी रखेगी।,फिल्मकार रामगोपाल वर्मा ने कहा कि उन्होंने लॉकडाउन के बीच सभी जरूरी एहतियातों और दिशा-निर्देशों का पालन करते हुए कोरोना वायरस नामक फिल्म की शूटिंग की है। गौरतलब है कि देश में कोरोना वायरस के प्रसार से बचने के लिये मार्च के मध्य से सभी फिल्मों और टीवी धारावाहिकों की शूटिंग बंद है।,0.6090327
google launches 'the google' for older adults,,गूगल बुजुर्गों के लिए 'गुगल' लॉन्च करता है,गूगल ने यू ट्यूब को ख़रीदा,0.60967195
family dinner successfully covers topics of movies and tv,,पारिवारिक रात्रिभोज सफलतापूर्वक फिल्मों और टीवी के विषयों को कवर करता है,टीवी शोज और फिल्मों की शूटिंग जल्द शुरू हो सकती है। &nbsp,0.6207553
brown workers put company in the black,,भूरे रंग के श्रमिकों ने काले रंग में कंपनी दी,कपड़ा व्यवसायियों ने लगाया काला बिल्ला,0.6519546
woman shouts down hall for boyfriend to come kill giant ax murderer she found in bedroom,,महिला हॉल के नीचे चिल्लाती है के लिए प्रेमी के लिए आने के लिए मारने के लिए विशाल कुल्हाड़ी हत्यारा वह बेडरूम में मिला,"प्रेमिका ने अपने पति संग मिलकर युवक को मार डाला, फिर घर के अंदर ही दफन कर दिया शव",0.60409504
ivana trump calls ex-husband to ask him what he did to her beautiful baby boy,,इवान ट्रंप ने अपने पूर्व पति से पूछा कि उसने अपने खूबसूरत बच्चे के साथ क्या किया,अमेरिका के राष्ट्रपति डोनाल्ड ट्रंप के अटॉर्नी ने कहा है कि ट्रंप के सबसे बड़े बेटे और रूसी वकील के बीच पिछले साल चुनाव प्रचार के दौरान हुई मुलाकात में कुछ भी अवैध नहीं था।,0.60464
"report: doing your part to stop climate change now requires planting 30,000 new trees, getting 40,000 cars off the road, reviving 20 square miles of coral reef",,"रिपोर्टः जलवायु परिवर्तन को रोकने के लिए अपनी भूमिका निभाने के लिए अब 30,000 नए पेड़ लगाने, 40,000 कारों को सड़कों से हटाने, 20 वर्ग मील के कोरल रीफ को पुनर्जीवित करने की आवश्यकता है","लीयरी और उनकी टीम अब तक किसानों के साथ मिलकर 10 हजार से ज्यादा 'फारेस्ट गार्डन' का निर्माण कर चुके हैं, जो 20 सालों के दौरान २24 लाख टन कार्बन डाईऑक्साइड का उपयोग कर चुके हैं। यह 25 हजार कारों को सड़क से हटाने जैसा है। यह प्रोजेक्ट मुख्य रूप से अफ्रीकी देशों, सीनेगल, कीनिया और तंजानिया में केन्द्रित है। टीएफएफ निर्धन देशों के वनविहीन क्षेत्रों में इस प्रोजेक्ट के जरिए हरियाली लाने और जलवायु परिवर्तन से लडऩे का काम कर रहे हैं। चार साल के इस प्रोजेक्ट के अंत तक 1500 से ज्यादा पौधे बढ़ जाते हैं। लीयरी कहते हैं कि भूमि की उर्वरा शक्ति के कमजोर पडऩे का एक बड़ा कारण किसानों का गलत फसलें बोना है। लीयरी यहां भी किसानों की मदद करते हैं।",0.61850125
new law prohibits kaleidoscoping while driving,,नई कानून ड्राइविंग करते समय कैलेइडोस्कोप करने पर प्रतिबंध लगाता है,वहीं दिल्ली सरकार का कहना है कि नयी आबकारी नीति का उद्देश्य भ्रष्टाचार कम करना और शराब कारोबारियों में प्रतिस्पर्धा लाना है।,0.6065663
ford: new f-150 pickup truck capable of crushing a big turtle in one go,,फोर्ड: नया F-150 पिकअप ट्रक एक ही बार में एक बड़ी कछुए को कुचलने में सक्षम,फोर्ड की ये नई भारत में मौजूदा कारों को टक्कर देने वाली कार साबित होगी। आईकॉनिक कार मस्टैंग को भारत में लाना फोर्ड के लिए बड़ी उपलब्धि है।,0.6043323
hero soldier receives presidential thumbs-up award,,हीरो सिपाही को राष्ट्रपति का थंब्स-अप अवार्ड मिला,मुख्यमंत्री ने शहीद जवानों को दी श्रद्धांजलि,0.62597156
nelson mandela celebrates 94th birthday in prison after violating parole,,नेल्सन मंडेला ने पैरोल का उल्लंघन करने के बाद जेल में 94 वें जन्मदिन मनाया,जोहान्सबर्ग। अंतरराष्ट्रीय स्तर पर पहचान बनाने वाले अश्वेत आंदोलन के जनक नेल्सन मंडेला के पोते पर दुष्कर्म का आरोप लगा है। नेल्सन मंडेला के पोते मूसो मंडेला पर एक 15 वर्षीय युवती के साथ रैप का आरोप लगा है।,0.60098785
employee's multitasking doesn't include work,,कर्मचारी के मल्टीटास्किंग में काम शामिल नहीं है,कर्मियों पर बढ़ा है काम का बोझ,0.63168275
taliban agrees to peace deal despite concerns about america's human-rights record,,तालिबान अमेरिका के मानवाधिकार रिकॉर्ड के बारे में चिंताओं के बावजूद शांति समझौते से सहमत है,तालिबान ने पाक में US के साथ शांति वार्ता का ऐलान किया,0.76425266
"'we'll be moving shortly,' says train conductor waiting for workers to remove dead body from tracks",,"'हम जल्द ही आगे बढ़ेंगे,' ट्रेन के कंडक्टर ने कहा जो श्रमिकों को ट्रैक से शव निकालने की प्रतीक्षा कर रहे हैं",भारतीय रेलवे जल्द ही यात्रियों से यूजर चार्ज वसूलने की प्रक्रिया शुरू कर सकता है और अगर यह प्रक्रिया शुरू हो गई तो ट्रेन का किराया पहले की तुलना में अधिक हो जाएगा। तो साफ सी बात है कि यात्रियों की जेब पर बोझ पड़ेगा रेलवे बोर्ड के अध्यक्ष वीके यादव ने इस बारे में जानकारी दी है कि जल्द ही यूजर चार्ज हो सुनना शुरू कर दिया जाएगा।  यह चार्ज देश के पुनरीक्षित और अत्यधिक व्यस्ततम रेलवे स्टेशन पर यात्रियों से किराए के रूप में आ जाएगा।,0.61201274
"acne medication may cause dizziness, nausea, loss of hearing, insomnia, blood clotting, difficulty breathing",,"मुँहासे की दवाओं से चक्कर आना, बुखार, सुनवाई हानि, अनिद्रा, रक्तस्राव, सांस लेने में कठिनाई हो सकती है","सर्दियों के मौसम में सर्दी, खांसी, जुकाम, नाक का बंद होना आदि समस्याओं का खतरा बढ़ जाता है। भरी हुई नाक की वजह से आपका रात में सोना मुश्किल हो सकता है। हम आपको बता रहे हैं की बंद नाक से राहत पाने के लिए आपको दिन में, शाम को और सोते समय क्या करना चाहिए ताकि आपको वह नींद मिल सके जो आपके शरीर को ठीक होने के लिए चाहिए।",0.6092197
sasha obama asks father why he was acting like such a pussy during debate,,साशा ओबामा ने पिता से पूछा कि वह बहस के दौरान इतनी कुतिया की तरह क्यों व्यवहार कर रहे थे,"मुंबई: सोनाक्षी सिन्हा ने अपने फैंस के साथ ट्विटर पर इंटरेक्टिव सत्र के दौरान बताया कि वह किस तरह ट्रोल से निपटती हैं। इस बात पर चर्चा तब हुई, जब एक प्रसंशक ने सत्र के दौरान सोनाक्षी के ट्विटर प्रोफाइल के बैकग्राउंड के बारे में पूछा, जिसमें वह पलक झपकाए दोनों कानों को उंगलियों के सहारे बंद करती नजर आ रही हैं।",0.60689676
israeli high-school students hoping suicide bombing postpones exam,,इजरायली हाई स्कूल के छात्रों को उम्मीद है कि आत्मघाती बम विस्फोट परीक्षा स्थगित कर देगा,महाराष्ट्रः लॉकडाउन खत्म होने के बाद होंगी यूनिवर्सिटी की परीक्षाएं,0.6002396
old friend avoided in hometown convenience store,,पुराने दोस्त को अपने गृहनगर की सुविधा स्टोर में टाल दिया,खोखे में बंद दुकानदार ने दोस्तों को किया फोन,0.60546064
gasoline still inexplicably cheaper than milk,,पेट्रोल अभी भी दूध की तुलना में अप्रत्याशित रूप से सस्ता है,पैसे प्रेम से अधिक क़ीमती है,0.6842626
mother constantly worried about son stationed on u.s. military base,,माँ लगातार अपने बेटे को अमेरिकी सैन्य आधार पर तैनात करने के बारे में चिंतित थी,अमेरिका को खुश करने के लिये भारतीयों की चिंता नहीं!,0.6062001
mueller annoyed by dipshit protestors holding up traffic during commute,,मूलर गंदगी प्रदर्शनकारियों द्वारा परेशान किया जा रहा है आवागमन के दौरान यातायात को रोकना,रास्ते पर मड़हा रखने से आक्रोशित ग्रामीणों ने किया प्रदर्शन,0.60423434
kanye west announces his new name is tim,,Kanye West ने घोषणा की कि उनका नया नाम Tim है,"किम कार्दशियन के पति रैपर कान्ये वेस्ट अमेरिकी राष्ट्रपति का चुनाव लड़ेंगे , ट्विटर पर किया ऐलान",0.6046243
"jury finds man guilty of murdering wife and children, but gets it",,"जूरी आदमी पत्नी और बच्चों की हत्या के लिए दोषी पाया, लेकिन यह मिलता है",बेटी के रेप के आरोपी पति ने भरे कोर्ट में कर दी पत्नी की हत्या,0.65252876
siblings quietly relieved oldest brother setting bar so low,,भाई-बहनों ने चुपचाप बड़े भाई को इतना कम कर दिया,चचेरे भाई ने किया बड़ी बहन से रेप,0.6125906
u.s. loses u.n. membership after soapy bo obama jumps up on secretary-general,,अमेरिका संयुक्त राष्ट्र के सदस्य पद खो देता है जब बो ओबामा महासचिव पर हमला करते हैं।,"वॉशिंगटन। आज अमेरिका पर हुए आतंकी हमले 9/11 की 13वीं बरसी है। इस मौके पर अमेरिका ने आतंकवादी संगठन आईएस को कैंसर बताते हुए उसे जड़ से खत्म करने की कसम खाई है। अमेरिकी राष्ट्रपति बराक ओबामा ने आज दोटूक कहा कि जो भी अमेरिका को धमकाएगा उसे बख्शा नहीं जाएगा, दुनिया के किसी भी कोने में वो क्यों न छुप जाए, उसे ढूंढ कर खत्म कर दिया जाएगा।",0.61628115
study: majority of new marine life species now discovered while cleaning oil spills,,अध्ययन: तेल के बहाव को साफ करते समय अब अधिकांश नई समुद्री जीवन प्रजातियों की खोज की गई है,एक हालिया शोध में पाया गया कि जो किसान वाटर हार्वेस्टिंग मॉडल से जुड़े थे उन्हें बाकी किसानों से 261 फीसदी तक ज्यादा मुनाफा हुआ,0.6270377
secretary of education given something to do,,शिक्षा सचिव को कुछ करने को दिया गया,शिक्षकों का क्या है कहना,0.602342
7-year-old puts on uno face,,7 वर्षीय एक चेहरे पर डालता है,‘ज़िंदगी के चेहरे पर टकटकी लगाना,0.63566744
check it out: deer,,इसे देखोः हिरण,ये देखता रहै,0.61456764
trump thanks united nations for inviting him to their country,,ट्रम्प ने उन्हें अपने देश में आमंत्रित करने के लिए संयुक्त राष्ट्र का धन्यवाद किया,भारत की तारीफ करते ट्रंप,0.6568424
banks introduce 75-cent surcharge for using word 'bank',,बैंकों ने 'बैंक' शब्द का प्रयोग करने के लिए 75 सेंट का अधिभार लागू किया है।,अभी तक आठ सरकारी बैंकों ने रेपो रेट पर आधारित ब्याज दर की शुरुआत की है।,0.62870884
apple hard at work making iphone obsolete,,एप्पल कड़ी मेहनत कर रहा है iPhone अप्रचलित बनाने के लिए,>> ऐपल अफॉर्डेबल आईफोन मॉडल पर काम कर रहा है और लंबे इंतजार के बाद इसे 15 अप्रैल को लॉन्च किया जा सकता है.,0.6536952
entertainment tonight host 'can't wait' to see new paramount pictures release,,मनोरंजन आज रात मेजबान 'कहीं इंतजार नहीं कर सकते' नई सर्वोच्च फिल्मों रिलीज देखने के लिए,"कल से नहीं खुलेंगे शहर के मल्‍टीप्‍लेक्‍स, बड़े पर्दे पर फिल्म देखने के लिए करना होगा इंतजार",0.6187037
ex-marine says this rain nothing,,पूर्व नौसेना का कहना है कि यह बारिश कुछ भी नहीं,बारिश खत्म अब कोताही नहीं चलेगी,0.6007111
4 senators mauled during congressional tiger show,,कांग्रेस में टाइगर शो के दौरान 4 सीनेटरों को मार गिराया गया,शिअद के कई नेता कांग्रेस पार्टी में शामिल,0.60037315
prescription bottle recommends taking 10 tablets if you really want to fly,,यदि आप वास्तव में उड़ना चाहते हैं तो 10 गोलियां लेने की सिफारिश की जाती है,एक साथ 10 जोड़ों को लेने होंगे फेरे,0.6283057
celebrity disappointed after meeting fan,,प्रशंसक से मिलने के बाद सेलिब्रिटी निराश,प्रियंका से मुलाकात के बाद शांत हुए सिद्धू,0.6017235
israeli soldiers open fire on palestinians carrying potentially dangerous injured friends,,इजरायली सैनिकों ने संभावित रूप से खतरनाक घायल दोस्तों को ले जाने वाले फिलिस्तीनियों पर गोलीबारी की,इस्राइली बलों ने 18 साल के फलस्तीनी किशोर की गोली मार कर हत्या की,0.6590389
everyone on flight annoyed by screaming kid rock,,उड़ान पर सभी चिल्लाते बच्चे पत्थर से परेशान,पूरे होश में दर्द से चीखती बच्चियां...,0.6013651
kim jong-un panics after returning to north korea to find country's populace has escaped,,किम जोंग-उन उत्तर कोरिया लौटने के बाद घबरा गए देश की आबादी भाग गई है,"दक्षिण कोरिया के नए राष्ट्रपति बने मून जे, कहा उत्‍तर कोरिया जाने की है इच्‍छा",0.6372667
inconsiderate woman on bus eating live tuna,,बस में लापरवाह महिला जिंदा ट्यूना खा रही है,बस में सफर कर रही महिला संदिग्ध मौत,0.7264464
cops cleared on corruption charges after implicating decorated police dog,,पुलिस कुत्ता को सजा देने के बाद भ्रष्टाचार के आरोपों से पुलिस को बरी कर दिया गया,अदालत द्वारा सजा सुनाए जाने के बाद दाेषियों को ले जाती पुलिस।,0.62700665
olympic bronze medalist to appear in flintstones on ice,,ओलंपिक कांस्य पदक विजेता बर्फ पर चट्टानों में दिखाई देने के लिए,ओलम्पिक पदक विजेताओं की पुरस्कार राशि में बढ़ोत्तरी,0.61834544
'what were we talking about again?' says trump 15 seconds into phone call to family of fallen soldier,,'हम फिर से किस बारे में बात कर रहे थे? ' ट्रम्प कहते हैं 15 सेकंड में फोन कॉल के परिवार के लिए गिरा हुआ सैनिक,"जो हम अब सोचते हैं, वो तब कहते थे",0.6093437
"south korean president eats full, balanced meal in show of strength against north",,दक्षिण कोरियाई राष्ट्रपति उत्तर के खिलाफ ताकत दिखाने के लिए भरपूर और संतुलित भोजन खाते हैं,उत्तर कोरिया पर अमेरिका और उसके मित्र देशों की कार्रवाई प्रभावशाली और भारी असर छोड़ने वाली होगी।,0.6059994
white guy held accountable for crime,,एक सफेद आदमी अपराध के लिए जिम्मेदार ठहराया गया,शराब की तस्करी के आरोप में एक गिरफ्तार,0.6618721
novelist thinks people shrug 10 times more than they actually do,,उपन्यासकार सोचता है कि लोग वास्तव में करते हैं की तुलना में 10 गुना अधिक कंधे झुकाते हैं,हाथों को सीधा कर हथेलियों की मुट्ठी बनाकर 10 बार दाएं-बाएं व गोल घुमाना। हाथों को कंधों पर रखकर कंधों को आगे-पीछे घुमाना और कोहनी की तरफ से हाथ को गोल घुमाना।,0.60039824
picture most closely resembling actual self immediately deleted,,तस्वीर सबसे निकटता से वास्तविक स्वयं की तरह लग रहा है तुरंत हटा दिया,शरीर के ये हिस्से बहुत करीब से ऐसे दिखाई देते हैं,0.6060767
office manager unveils new rule,,कार्यालय प्रबंधक नए नियम का खुलासा करता है,शासन के कुछ नए नियम सामने आए हैं।,0.64768773
area man's biggest accomplishment not ever killing anyone with his car,,क्षेत्र आदमी की सबसे बड़ी उपलब्धि कभी भी अपनी कार के साथ किसी को मारने नहीं है,"सबसे महान जीत प्रेम की होती है, ये हमेशा के लिए दिल जीत लेती है।",0.6162558
trump: 'i am a very stupid human being',,ट्रंप: 'मैं एक बहुत ही बेवकूफ इंसान हूँ',"अमेरिका के राष्ट्रपति डोनाल्ड ट्रंप ने पीएम मोदी को लेकर कहा, ‘प्रधानमंत्री मोदी मेरे दोस्त हैं और वह बहुत अच्छा काम कर रहे हैं. कुछ भी आसान नहीं है लेकिन वह बहुत अच्छा काम कर रहे हैं. भारत को एक महान नेता मिला है और एक महान व्यक्ति मिला है.’",0.62783647
nra calls for teachers to keep loaded gun pointed at class for entire school day,,एनआरए ने शिक्षकों से कहा है कि वे पूरे स्कूल दिवस के लिए कक्षा में बंदूकें रखकर रखें।,अभिभावकों ने आरोप लगाया कि सोमवार को पांच से नौ वर्ष की बच्चियां सुबह ठंड होने के कारण स्कूल लेगिंग्स पहनकर गई थीं लेकिन प्रधानाचार्य और अन्य शिक्षकों ने उसके वर्दी से मेल ना खाने के कारण उसे उतरवा दिया.,0.66019976
newt gingrich: 'it's an honor to address a crowd that shares my utterly bizarre and unhealthy obsession with hillary clinton',,न्यूट गिंग्रिचः 'यह एक सम्मान है कि मैं एक भीड़ को संबोधित कर सकता हूं जो हिलेरी क्लिंटन के साथ मेरी पूरी तरह से अजीब और अस्वास्थ्यकर जुनून को साझा करती है',"नई दिल्ली — केंद्रीय सूचना आयोग ने आदेश दिया है कि महात्मा गांधी की हत्या से जुड़े मुकदमे में नाथूराम गोडसे के बयान सहित अन्य संबंधित रिकार्ड को तुरंत राष्ट्रीय अभिलेखागार की वेबसाइट पर सार्वजनिक किया जाए। सूचना आयुक्त श्रीधर आचार्युलु ने कहा कि कोई नाथूराम गोडसे और उनके सह-आरोपी से इत्तेफाक भले ही न रखे, लेकिन हम उनके विचारों का खुलासा करने से इनकार नहीं कर सकते।",0.6083096
bush elected president of iraq,,बुश इराक के राष्ट्रपति चुने गए,मिस्र: राष्ट्रपति चुनाव होंगे समयपूर्व,0.60651374
department of education hires art teacher to spread evenly across all u.s. public schools,,शिक्षा विभाग अमेरिका के सभी सार्वजनिक स्कूलों में समान रूप से फैलाने के लिए कला शिक्षक नियुक्त करता है,"प्रदेश भर के स्कूलों में भर्ती पर शिक्षा विभाग को झटका, प्रोपोजल पर सरकार ने नहीं दिया जवाब शिमला-राज्य के सरकारी स्कूलों में तैनात शिक्षक ही अब चाइल्ड काउंसलर का कार्य करेंगे। यानी कि छात्रों को पहले से तैनात शिक्षक ही बैड व गुड टच के बारे में जागरूक करेंगे। स्कूलों में फिलहाल अभी चाइल्ड",0.6104414
thousands dead in wake of low-carbon diet,,कम कार्बन आहार के कारण हजारों लोग मारे गए,जहरीली गैस के रिसाव से हुई थी हजारों की मौत,0.7603083
new study finds americans need 6 hours of sleep at work,,नए अध्ययन में पाया गया है कि अमेरिकियों को काम पर 6 घंटे की नींद की आवश्यकता होती है,सोना किसी बी मनुष्य के जीव का अहम हिस्सा होता है सोने से न केवल हमरे शरीर को नई उर्जा मिलती है बल्कि हमारा दिमाग भी तंदरुस्त रहता है. हर व्यक्ति को 24 घंटे में कम से कम 6 घंटे की नीद लेनी चाहिए. डॉ भी यही सलाह देते है. डॉ के मुताबिक अगर आप 6 घंटे की नींद नहीं ले रहे है तो ये आदत आपके स्वास्थ्य पर बुरा असर डाल सकती है औरत इससे आपका जीवन अव्यस्थित हो जाता है.,0.61932474
researchers publish list of ways animals can help fight climate change,,शोधकर्ताओं ने जलवायु परिवर्तन से लड़ने में जानवरों की मदद करने के तरीकों की सूची प्रकाशित की है,आईआईएम ने मानव-वन्यजीव संघर्ष को कम करने को प्रोटोटाइप परीक्षण किया,0.6001096
governor approves 24-hour waiting period for women voters,,राज्यपाल ने महिला मतदाताओं के लिए 24 घंटे की प्रतीक्षा अवधि को मंजूरी दी,"हिंदी न्यूज़ › देश › महाराष्ट्र की कैबिनेट ने पास किया 'मुंबई 24 घंटे' प्रस्ताव, अब रातभर खुल सकेंगे मॉल व रेस्त्रां",0.6258748
man always taking good mood out on friends,,आदमी हमेशा दोस्तों पर अच्छा मूड निकालता है,"""मेरे पिता मुझसे हमेशा कहा करते थे कि जब तुम मरो , उस समय यदि तुम्हारे पांच अच्छे दोस्त हैं तो तुम्हारी ज़िन्दगी अच्छी रही है !!""",0.6082059
shy congressman wishes other lawmakers would include him in their crimes,,शर्मीले कांग्रेसी चाहते हैं कि अन्य विधायक उन्हें अपने अपराधों में शामिल करें,कांग्रेस के लोगों को अपने पाप का प्रायश्चित करने के लिये गंगा स्नान करना चाहिये : उप्र के मंत्री,0.61358243
"democrats could lose up to 8,000 seats in upcoming midterm election",,"आगामी मध्यावधि चुनाव में डेमोक्रेट्स 8,000 सीटों तक खो सकते हैं।",आडवाणी ने कहा कि मौजूदा सरकार 2009 तक नहीं रहेगी और चुनाव उससे पहले कभी भी हो सकते हैं। वर्ष 2008 के शुरू में मध्यावधि चुनाव होने की प्रबल संभावना है।,0.63373524
study: 38 percent of people not actually entitled to their opinion,,अध्ययन: 38 प्रतिशत लोगों को वास्तव में अपनी राय का अधिकार नहीं है,88 प्रतिशत लोग सरकार से सहमत,0.6245766
hero shop saves hundreds from hunger,,हीरो की दुकान सैकड़ों को भूख से बचाता है,हैंडलूम की दुकान से हजारों का माल पार,0.6150143
christian couple staying together for sake of god,,मसीही जोड़े परमेश्वर की भलाई के लिए एक साथ रहते हैं,सुरक्षा के लिए मंदिर में एक साथ रात बीता रहे हैं लोग,0.64478254
white guy held accountable for crime,,एक सफेद आदमी अपराध के लिए जिम्मेदार ठहराया गया,दोषी पर की जाएगी कार्रवाई,0.6223904
man always taking good mood out on friends,,आदमी हमेशा दोस्तों पर अच्छा मूड निकालता है,मनुष्य को हमेशा अच्छी वाणी बोलना चाहिए,0.7676426
"in attempt to jump-start economy, obama declares tuesdays ladies' night",,"अर्थव्यवस्था को उछालने के प्रयास में, ओबामा ने मंगलवार को महिलाओं की रात घोषित की",बराक ओबामा: सड़कों पर सुरक्षित हों महिलाएं,0.6587148
"'we will never speak of this again,' says trump to mohammed bin salman as they dump khashoggi's body into new jersey river",,"ट्रंप ने मोहम्मद बिन सलमान से कहा, 'हम इसके बारे में फिर कभी नहीं बोलेंगे' जब उन्होंने खाशोगी का शव न्यू जर्सी नदी में फेंक दिया।","विदेश मंत्री एस जयशंकर ने संसद को बताया, पीएम मोदी ने कश्‍मीर पर ट्रंप से कभी नहीं किया कोई अनुरोध",0.6465836
thing happens,,कुछ होता है,कुछ की हुई शुरुआत,0.7286085
first place cops looked was inside at-at,,पहली जगह पुलिस की ओर देखा था अंदर पर-at,-सिविल लाइंस एरिया में पुलिस ने शुरू की थी चेकिंग,0.62373555
u.s. encouraging cuba to shift toward democratic system of corruption,,अमेरिका क्यूबा को भ्रष्टाचार की लोकतांत्रिक प्रणाली की ओर ले जाने के लिए प्रोत्साहित कर रहा है,भारत ने तुर्की में लोकतंत्र का समर्थन करने का किया आग्रह,0.60680085
facebook addresses accusations of silencing conservative voices by deleting barack obama's profile,,फेसबुक ने बराक ओबामा की प्रोफ़ाइल को हटाकर रूढ़िवादी आवाजों को चुप कराने के आरोपों को संबोधित किया,वाशिंगटन: अमेरिकी राष्ट्रपति जो बाइडेन (Joe Biden) ने कहा कि फेसबुक (Facebook) जैसे सोशल मीडिया प्लेटफॉर्म के कारण कोरोना वायरस महामारी और इसके टीकों के बारे में गलत सूचना फैलाई जा रही है ‘जो लोगों की जान ले रही है’। व्हाइट हाउस ने कहा फेसबुक को अपने कार्य को साफ करने की आवश्यकता है। वे लोगों को मार रहे हैं। इस मामले में बाइडेन ने फेसबुक को जमकर लताड़ा है।,0.6048945
increased negative campaigning reveals previously hidden ugly side of politics,,नकारात्मक अभियानों में वृद्धि से राजनीति के पहले छिपे हुए बदसूरत पक्ष का पता चलता है,बीजेपी की नकारात्मक राजनीति से AAP को मिली थी बड़ी जीत,0.60283476
self-actualized historians urge nation not to get hung up on the past,,स्वार्थवादी इतिहासकार राष्ट्र को अतीत के बारे में न सोचने के लिए प्रोत्साहित करते हैं,समाजवादियों को शहीदों की याद नहीं आई,0.6198482
new uber update allows users to file lawsuit against company directly in app,,नया उबर अपडेट उपयोगकर्ताओं को सीधे ऐप में कंपनी के खिलाफ मुकदमा दायर करने की अनुमति देता है,ऑल्ट न्यूज़ को अपने अधिकृत मोबाइल एप पर इस दावे की पड़ताल करने के अनुरोध प्राप्त हुए हैं।,0.60056317
frustration with husband taken out on soap scum,,साबुन की कबाड़ पर पति के साथ निराशा,"पत्नी की इस बात से नाराज हो गया पति, सिर पर पत्थर पटककर ले ली जान",0.6130765
white house announces sasha obama to now be played by britney watkins,,व्हाइट हाउस ने साशा ओबामा को अब ब्रिटनी वाटकिन्स द्वारा निभाए जाने की घोषणा की,"नाम पर फिर कंफ्यूज हुआ व्‍हाइट हाउस, ब्रिटिश पीएम को बता डाला ''पॉर्न स्‍टार''",0.60734487
data technician by day a data technician by night,,दिन में डेटा तकनीशियन और रात में डेटा तकनीशियन,आज के पत्रकार और आज की पत्रकारिता,0.64793956
that knife guy from high school arrested in knife-related incident,,हाई स्कूल से उस चाकू आदमी को चाकू से संबंधित घटना में गिरफ्तार किया गया,कट्टा व चाकू के साथ एक गिरफ्तार,0.6087333
meteorologists say upcoming hurricane season to be permanent,,मौसमविदों का कहना है कि आगामी तूफान का मौसम स्थायी होगा,आईएमडी के एक अधिकारी ने बताया कि आने वाले दिनों में बारिश के आसार नहीं हैं और मौसम इसी तरह गर्म बना रहेगा। दिल्ली के कुछ हिस्सों में बिजली की कटौती ने गर्मी को असहनीय बना दिया है।,0.6126527
teen learns the negligible value of a dollar,,किशोर एक डॉलर का महत्व सीखता है,समय का महत्व समझें विद्यार्थी,0.6298959
"labor dept. creates 20,000 new hobbies for nation's jobless",,"श्रम विभाग ने देश के बेरोजगारों के लिए 20,000 नए शौक बनाए हैं।",श्रम सुविधा भारत सरकार का एक वेब पोर्टल है जहाँ श्रम और श्रमिकों से सम्बन्धित सभी प्रकार के कार्यों को कर पाने की सुविधा प्रदान की गयी है।,0.65099144
"'i want to congratulate the president,' romney says in 240,000th and final lie of campaign",,"'मैं राष्ट्रपति को बधाई देना चाहता हूँ,' रोमनी 240,000 वें और अंतिम झूठ अभियान में कहते हैं",रजनीकांत ने पीएम मोदी को बधाई देते हुए एक ट्वीट किया है।,0.6358348
no leads sought in asshole's murder,,कमबख्त की हत्या में कोई सुराग नहीं खोजे गए,बुजुर्ग दंपति के हत्यारों का नहीं मिला सुराग,0.6653007
"jonesing nation demands trump tell them where, exactly, drugs are pouring into country",,जोनिंग नेशन की मांग है कि ट्रम्प उन्हें बताएं कि ड्रग्स देश में कहां से आ रहे हैं।,ट्रंप ने कहा कि अमरीका में कोरोना की टेस्टिंग भी दूसरे जगहों की तुलना में ज़्यादा बेहतर तरीक़े से हो रही है.,0.6037153
"gm workers strike for 2,000-peso raise",,"जीएम श्रमिकों ने 2,000 पेसो की बढ़त के लिए हड़ताल की","सातवें वेतन आयोग का लाभ लेने के लिए जिले के 18 हजार कर्मचारियों ने भूख हड़ताल की,",0.6377443
public-speaking student to make point of gesturing,,सार्वजनिक रूप से बोलने वाला छात्र इशारा करने के लिए,स्कूल के विद्यार्थी चमके,0.6320666
cnn releases photos of 3 obese mexican women suspected in boston bombing,,सीएनएन ने बोस्टन बम विस्फोट में संदिग्ध 3 मोटी मैक्सिकन महिलाओं की तस्वीरें जारी कीं,"अमेरिका के बेटन रूज में गोलीबारी, 3 पुलिसकर्मियों की मौत",0.60339403
man either sick or just at end of workday,,मनुष्य या तो बीमार या बस काम के दिन के अंत में,एक दिन में इतना काम,0.6081132
23-year-old arrested for failure to own halogen lamp,,23 वर्षीय व्यक्ति को हेलोजेन लैंप न रखने के आरोप में गिरफ्तार किया गया,23 साल पहले ट्रेन में आगजनी का दूसरा वांछित गिरफ्तार,0.6076684
scientists determine tingling sensation of asmr caused by mass brain cell die-off,,वैज्ञानिकों ने निर्धारित किया है कि मस्तिष्क कोशिकाओं की मृत्यु के कारण एएसएमआर की झुर्रियों की भावना होती है।,अमेरिका के स्क्रिप्स शोध संस्थान सहित अन्य संस्थानों के वैज्ञानिकों ने शोध में बताया है कि ऐसा साक्ष्य नहीं मिलता कि वायरस को कृत्रिम रूप से बनाया गया।,0.60569566
u.s. forces take over key afghan city that will be retaken by taliban when marines leave,,अमेरिकी सेनाओं ने प्रमुख अफगान शहर पर कब्जा कर लिया जो जब मरीन चले जाएंगे तो तालिबान द्वारा फिर से कब्जा कर लिया जाएगा,काबुल (एएनआई)। अमेरिका की अफगानिस्‍तान से वापसी के साथ ही यहां पर कब्‍जे को लेकर तालिबान और अफगान सेना के बीच जबरदस्‍त जंग जारी है। तालिबान बड़ी तेजी के साथ आगे बढ़ रहा है। अमेरिका और अफगान सेना लगातार उनको पीछे खदेड़ने के लिए पूरी ताकत लगा रही है। तालिबान को पूरी उम्‍मीद है कि वो एक बार फिर से अफगानिस्‍तान की सत्‍ता पर काबिज हो जाएगा।,0.62165236
u.s. general jealous that syrian army allowed to attack citizens,,अमेरिकी जनरल ईर्ष्या कि सीरियाई सेना नागरिकों पर हमला करने की अनुमति दी,"आजकल सोशल मीडिया पर एक वीडियो ने धूम मचा रखी है, जिसमें सीरियाई जनता को अमरीकी सैन्य वाहनों पर पत्थर फेंकते हुए देखा जा सकता है।",0.65419924
"'i promise to work tirelessly to achieve my campaign's goals,' threatens trump in terrifying address",,"'मैं अपने अभियान के लक्ष्यों को प्राप्त करने के लिए अथक प्रयास करने का वादा करता हूं,' ट्रम्प ने भयानक भाषण में धमकी दी",पाकिस्‍तानी प्रधानमंत्री ने उन्‍हें आतंक के खिलाफ सख्‍त कार्रवाई करने का भरोसा दिलाया है।,0.6097666
india opens new mohandas k. gandhi nuclear-testing facility,,भारत ने नई मोहनदास के गांधी परमाणु परीक्षण सुविधा खोली,भारत ने किया अपनी ताकत में इजाफा: अग्नि-1 मिसाइल का सफल परीक्षण,0.6638386
man attends 25-year nursery school reunion,,एक आदमी 25 साल की नर्सरी स्कूल पुनर्मिलन में भाग लेता है,शिक्षा से दूर हो गए प्राइमरी स्कूल के 35 बच्चे,0.6043805
couple forgets 70th wedding anniversary,,जोड़ी शादी की 70वीं वर्षगांठ भूल जाती है,हम 70 साल की बर्बादी को मिटा कर रख देंगे,0.6858805
"'you are donald trump, 45th president of the united states,' trump reads from faded tattoo on wrist",,"'आप डोनाल्ड ट्रंप हैं, संयुक्त राज्य अमेरिका के 45 वें राष्ट्रपति,' ट्रंप ने कलाई पर फीका हुआ टैटू से पढ़ा",पाकिस्तान के एक टीवी चैनल ने रिपोर्ट दी है कि अमरीका के नव निर्वाचित राष्ट्रपति डोनल्ड ट्रंप पाकिस्तान में पैदा हुए थे।,0.6362502
u.s. refuses to allow u.n. weapons inspectors back into iraq,,अमेरिका ने संयुक्त राष्ट्र हथियार निरीक्षकों को इराक में वापस जाने से इनकार कर दिया है।,अमेरिका ने अपने 300 और सैन्यकर्मियों को इराक भेजा,0.67901677
'new york times' publisher reveals asking trump to decrease anti-media rhetoric except against those fuckers at 'the washington post',,'न्यू यॉर्क टाइम्स' के प्रकाशक ने ट्रम्प से 'वाशिंगटन पोस्ट' के उन बकवास के अलावा मीडिया विरोधी बयानबाजी को कम करने के लिए कहा है।,वाशिंगटन। अमेरिका के राष्ट्रपति डोनाल्ड ट्रंप ने शुक्रवार को एक साक्षात्कार में माना कि उन्हें अपने द्वारा किये गए कुछ ट्वीट को लेकर ‘‘अक्सर’’ पछतावा होता है। ट्रंप ने बारस्टूल स्पोर्ट्स को दिए साक्षात्कार में कहा कि यह पुराने दिनों की तरह नहीं है जब लोग एक खत लिखते थे और इसे भेजने से पहले पूरा दिन पास लिये बैठे रहते थे जिससे उन्हें इस पर फिर से सोचने का वक्त मिल जाता था।,0.6561152
stop sign taking forever to change,,परिवर्तन करने के लिए अनंत समय लगता है,मौसम में फिर से आ सकता है बदलाव,0.60959744
college's new careerlink program connects students with thousands of annoyed alums,,कॉलेज का नया कैरियर लिंक कार्यक्रम छात्रों को हजारों परेशान पूर्व छात्रों के साथ जोड़ता है,हजारों छात्र परेशान,0.60919976
pectoral muscles targeted by fitness fundamentalists,,फिटनेस फाउंडेलिस्टों द्वारा लक्षित छाती की मांसपेशियां,योनि के लिए गेंदों की मदद से मांसपेशियों का प्रशिक्षण,0.6861869
area 31-year-old can't believe 'you must be born before this date to buy cigarettes' sign up to 1982,,क्षेत्र 31 वर्षीय विश्वास नहीं कर सकते 'आप सिगरेट खरीदने के लिए इस तारीख से पहले पैदा होना चाहिए' साइन अप करने के लिए 1982,'शादी की सही उम्र है 32 साल',0.61320937
"'it's not too late to reverse the alarming trend of climate change,' scientists who know it's too late announce",,"'जलवायु परिवर्तन के खतरनाक रुझान को उलटने के लिए अभी देर नहीं है,' वैज्ञानिकों को पता है कि यह बहुत देर हो चुकी है घोषणा","शोध के वरिष्ठ लेखक अंटोनियो गसपर्रिनी कहते हैं, ""जलवायु परिवर्तन दूर के भविष्य की चीज नहीं है."" वे कहते हैं कि यह जलवायु परिवर्तन के कारण स्वास्थ्य खतरों को लेकर अब तक का सबसे बड़ा अध्ययन है. गसपर्रिनी कहते हैं, ""हम पहले से ही स्वास्थ्य पर नकारात्मक प्रभावों को माप सकते हैं.""",0.6352751
michelle obama not so keen on president's new bangs,,मिशेल ओबामा राष्ट्रपति की नई धड़कनों के बारे में इतना उत्साहित नहीं हैं,फिर अमरीकी के 44 वें राष्ट्रपति का पद संभालने जा रहे ओबामा ने कहा कि वे हमेशा की तरह उम्मीद से भरे हुए हैं.,0.60334516
indian casino one of the saddest places on earth,,भारतीय कैसीनो पृथ्वी पर सबसे दुखद स्थानों में से एक है,"भारत दुनिया का तीसरा देश, जहां सबसे ज्यादा अरबपति",0.6094656
mother constantly worried about son stationed on u.s. military base,,माँ लगातार अपने बेटे को अमेरिकी सैन्य आधार पर तैनात करने के बारे में चिंतित थी,सेना में जुड़ने से किया इंकार : उन्होंने अपने मुस्लिम धर्म की बात रखते हुए अमेरिकी सेना से जुड़ने से इंकार किया।,0.6106048
"precocious teen able to read, write",,"प्रारम्भिक किशोर पढ़ने, लिखने में सक्षम","- हिन्दी और अंग्रेजी भाषा पढ़ने, लिखने और बोलने का ज्ञान होना चाहिए।",0.6005045
powerball officials remove plastic balls from pig urine brine,,पावरबॉल अधिकारी सूअर के मूत्र की सलून से प्लास्टिक की गेंदों को निकालते हैं,स्टेशन पर सफाईकर्मी ने शौचालय के नल से प्लास्टिक पाइप जोड़ दिया और पेयजल टंकी में पानी भर दिया.,0.6181029
u.s. advises allies not to border russia,,संयुक्त राज्य अमेरिका ने सहयोगियों को रूस की सीमा से दूर रहने की सलाह दी है।,"वॉशिंगटन में अमेरिकी विदेश विभाग के प्रवक्ता ने बुधवार को कहा था कि हम अपने सभी सहयोगी और साझेदार देशों से रूस के साथ ऐसे लेन-देन से दूर रहने का अनुरोध करते हैं, जो सीएएटीएसए के तहत प्रतिबंधों को आमंत्रित करता हो। रूस से अरबों डॉलर के 'एस-400 वायु मिसाइल रक्षा प्रणाली' खरीदने की भारत की योजना के बारे में पूछे जाने पर उन्होंने यह कहा था।",0.69325715
college graduate to never read a book again,,कॉलेज के स्नातक को फिर से कोई किताब नहीं पढ़नी चाहिए,कुछ कालेजों में शिक्षक गंभीर नहीं,0.6474455
gross doctors recommend drinking 8 warm cups of clam juice a day,,कच्चे डॉक्टर दिन में 8 गरम कप मच्छर का रस पीने की सलाह देते हैं,"आयुर्वेद के अनुसार दिन में दूध पीने का एक विशेष समय होता है कि कब इसे पीना चाहिए और कब नहीं, जिससे आपको इसके ज्यादा से ज्यादा लाभ मिल सके। आइये इसके बारे में एक्सपर्ट्स की राय जानते हैं। आयुर्वेदिक एक्सपर्ट्स डॉ आशुतोष गौतम कहते हैं कि दूध पीने के दो विचार होते हैं।",0.6034728
our nation's businessmen: are they just in it for the money?,,हमारे देश के व्यापारियों: क्या वे केवल पैसे के लिए इसमें हैं?,"इनका एक ही सवाल है-  ""क्या हम देश के नागरिक नहीं हैं.""",0.66171855
obama visits kindergarten to read class 200-page memorandum on health care,,ओबामा ने किंडरगार्टन का दौरा किया और स्वास्थ्य देखभाल पर 200 पृष्ठों का ज्ञापन पढ़ा,"गांधी जयंती पर पीएम मोदी ने अहमदाबाद में संबोधित किया, बोले- स्वच्छता पर हमारी उपलब्धि से दुनिया हैरान",0.6082576
thousands dead in indonesia again,,इंडोनेशिया में फिर से हजारों लोग मारे गए,नेपाल में अभी भी फंसे हैं हजारों भारतीय,0.73329484
gamers rejoice! this potion restores 20 hp,,इस दवाई 20 hp को बहाल करता है,यह जूस आपको पूरे दिन फ्रेश महसूस कराएगा।,0.6056379
undecided debate viewer waiting until he hears same responses for seventh time before making decision,,अनिर्णित बहस दर्शक निर्णय लेने से पहले सातवीं बार एक ही प्रतिक्रिया सुनने तक इंतजार कर रहा है,नीतीश को फैसला लेने से पहले बैठक तक इंतजार करना चाहिए था,0.6367383
man can get by in his own language,,मनुष्य अपनी भाषा में रह सकता है,भाषा एवं संस्कृति.,0.6074316
former lovers meet in coffee shop for one last cliché,,पूर्व प्रेमी एक आखिरी क्लिच के लिए कॉफी शॉप में मिलते हैं,"उसके पुराने दोस्त उसे एक कैफे में ले जाते हैं जहां उसके लिए रोस्ट बीफ़, चकुंदर, एसपैरेगस, पाइ और कॉफ़ी मांगवाए जाते हैं.",0.62231785
man gets all the way to hospital just to find out wife will be fine,,आदमी अस्पताल तक जाता है केवल यह पता लगाने के लिए कि पत्नी ठीक हो जाएगी,उनकी सेहत का राज जानने के लिए लोग उत्सुक,0.6204779
nasa celebrates 60th anniversary of launching first moon to orbit earth,,नासा ने पृथ्वी की कक्षा में पहला चंद्रमा लॉन्च करने की 60वीं वर्षगांठ मनाई,100वें उपग्रह की सफल लॉन्चिंग कर इसरो ने देश को ‘नए साल का तोहफा’ दिया,0.70271164
police continue search for missing gunman,,पुलिस लापता बंदूकधारियों की तलाश जारी रखती है,मामले में दो और आरोपियों की तलाश में पुलिस,0.6840862
suburbanite shocked by poor condition of urban mall,,शहरी मॉल की खराब स्थिति से सदरवासी चौंक गए,- नगर निगम की अनदेखी से घंटाघर के व्यापारी हुए परेशान,0.67234445
good scissors not in the fucking drawer,,अच्छा कैंची नहीं कमबख्त दराज में,न्यायपालिका में हस्तक्षेप अच्छा नहीं,0.627201
report: average person spends 18 hours standing at bar deciding what to drink,,रिपोर्टः औसत व्यक्ति 18 घंटे बार में खड़े होकर तय करता है कि क्या पीना है,डेढ़ घंटे का सपना : एक सामान्य वयस्क एक रात में औसतन डेढ़ से तीन घंटे सपने देखता है।,0.6251465
sniper school gets to have class on roof today,,स्नाइपर स्कूल आज छत पर कक्षा है,आज से प्राथमिक विद्यालय में सुनने को मिलेगी बच्चों की किलकारी,0.6077804
egyptians concerned about direction government is toppling in,,मिस्र के लोगों को दिशा सरकार गिर रहा है के बारे में चिंतित,कहा- मोदी सरकार जनता को कर रही है परेशान,0.60844064
biden investigated for questionable workers' comp claim,,श्रमिकों के संदिग्ध मुआवजे के दावे के लिए जांच की गई,"वेतन पुनरीक्षण की मांग, धरने पर बैठे कर्मचारी",0.6425071
ceo has female sex organs,,सीईओ के पास महिला यौन अंग हैं,महिला अफसरों से चीढ़ है डीसी सर को,0.6427745
closing of state aviary facilities puts hundreds of mentally ill birds on the streets,,सरकारी विमानन सुविधाओं को बंद करने से सैकड़ों मानसिक रूप से बीमार पक्षियों को सड़कों पर छोड़ दिया गया है,तूफान के चलते सभी चिकित्सकों और स्वास्थ्य सेवा कर्मियों की छुट्टियां रद्द,0.6164008
family impressed by extra effort father putting in to hide drinking,,पिता शराब पीने से बचने के लिए अतिरिक्त प्रयास करने से परिवार प्रभावित हुआ,परिवार वालों ने शराब पीने से मना किया तो तीन दोस्तों ने दी जान,0.6371272
hire of local moron gives nation hope for employment,,स्थानीय बेवकूफ की नियुक्ति रोजगार के लिए राष्ट्र को आशा देता है,"घरेलू IT कंपनियां देने जा रही हैं जॉब की सौगात, दूसरी छमाही में 4.5 लाख कर्मचारियों की करेंगी हायरिंग",0.6210507
school of the arts aims to transform boys and girls into insufferable young men and women,,कला के स्कूल का उद्देश्य लड़कों और लड़कियों को असहनीय युवा पुरुषों और महिलाओं में बदलना है,टीम की यह कवायद कला और मानविकी विषय से जुड़े लोगों को अमर बनाने के लिए की गई है.,0.659595
woman masturbates to concept of commitment,,महिला प्रतिबद्धता की अवधारणा के लिए हस्तमैथुन करती है,पुरुषों का ध्यान खींचने के लिए महिलाएं करती हैं गॉसिप,0.6411197
local woman dies of lost cell phone,,स्थानीय महिला मोबाइल खोने से मर जाती है,जमीन पर रखे ट्रांसफॉर्मर से चिपककर महिला की मौत,0.6389778
"'i'd like you to post long, aggressive rants on social media,' says bernie sanders in supporter's interpretation of speech",,"'मैं चाहता हूं कि आप सोशल मीडिया पर लंबे, आक्रामक रंट पोस्ट करें,' बर्नी सैंडर्स ने भाषण की समर्थक की व्याख्या में कहा","न्यूज एजेंसी ANI के अनुसार, उन्होंने चुनाव प्रचार के दौरान राजस्थान की सीएम वसुंधरा राजे को लेकर आपत्तिजनक टिप्पणी की थी. शरद यादव ने एक रैली के दौरान वसुंधरा राजे पर ऐसी अभद्र टिप्पणी की है जिसे हम लिख नहीं सकते हैं.",0.61025095
local company introduces new take your daughter's friend to work day,,स्थानीय कंपनी नए पेश करता है अपनी बेटी के दोस्त को काम के दिन ले,स्थानीय कंपनियों को काम,0.6261748
psychologists advise practicing words 'president trump' over next 2 months to prepare for inauguration,,मनोवैज्ञानिकों ने शपथ ग्रहण की तैयारी के लिए अगले 2 महीनों में 'राष्ट्रपति ट्रम्प' शब्द का अभ्यास करने की सलाह दी है।,"राष्ट्रपति मुशर्रफ़ ने वादा किया कि जिन लोगों के पास सिर छुपाने की जगह नहीं है, उन्हें दो सप्ताह के अंदर टैंट उपलब्ध कराए जाएंगे.",0.6125744
"zika virus joins lack of paid leave, unaffordable child care as reasons woman afraid of getting pregnant",,ज़िका वायरस की वजह से महिलाएं गर्भवती होने से डरती हैं,सेनेटरी नैपकीन के अभाव से महिलाओं में हो जाता है संक्रमण,0.6126525
"autopsy determines total loser's corpse contained no traces of drugs, alcohol",,"शव परीक्षण से पता चलता है कि लाश में ड्रग्स, शराब का कोई निशान नहीं था।","सीबीआई को एम्स के डॉक्टरों संग होटल लीलावती के कमरा नम्बर 345 से सिगरेट, पानी की बोतल और दीवार पर लगे कथित खून के धब्बे मिले थे। जांच में पाया गया था कि, सिगरेट में कोई भी खतरनाक पदार्थ नहीं मिला है। पानी में भी जहर नहीं था। दीवार पर लगे धब्बे खून के नहीं पाए गए ऐसे में सवाल यही उठता है कि आखिर सुनंदा पुष्कर के शरीर में जहर कैसे गया।",0.65664476
mta reveals they have no idea where voices speaking to everyone on subway coming from,,एमटीए से पता चलता है कि उन्हें पता नहीं है कि मेट्रो में सभी से बात करने वाली आवाज़ें कहां से आ रही हैं,कहां है मेट्रो,0.65523803
area fifth-grader won't shut up about raccoons,,क्षेत्र पांचवीं कक्षा के छात्र मकड़ियों के बारे में चुप नहीं होगा,पांचवीं तक के बच्चे क्षेत्रिय भाषा में कर सकेंगे पढ़ाई,0.63474256
five minutes of watching indian channel leads to five hours of watching indian channel,,पांच मिनट का इंडियन चैनल देखने से पांच घंटे का इंडियन चैनल देखने का समय मिलता है।,'हिन्दी मीडियम' का सही नाम दरअसल 'इंग्लिश मीडियम' होना चाहिए था क्योंकि ये फ़िल्म भारतीय मध्यम वर्गीय परिवारों में अँग्रेज़ी मीडियम की पढ़ाई को लेकर वहशत की हद तक पहुँच चुकी दीवानगी को दर्शाती है. ये दीवानगी उस असुरक्षा से पैदा हुई है जो मध्यवर्ग के माता-पिताओं को लगातार घेरे रहती है कि अगर हमारा बच्चा अँग्रेज़ी न बोल पाया तो पिछड़ा कहलाएगा और हिन्दी मीडियम में पढ़ने वाले तो करियर की दौड़ में पिछड़ ही जाते हैं.,0.62427753
sunset shot at,,सूर्यास्त पर गोली मार दी,समीप से मारी गई है गोली,0.63031745
cia headquarters disappears,,सीआईए मुख्यालय गायब हो जाता है,सीबीएसई का मुख्यालय कहां है.,0.66411763
"facebook bans thousands of snowboarders, base jumpers in crackdown on 'dangerous' accounts",,फेसबुक ने हजारों स्नोबोर्डर्स और बेस जंपरों पर प्रतिबंध लगा दिया है।,फेसबुक को रोकना असंभव,0.6348656
allowance to teach child importance of parental dependence,,माता-पिता की निर्भरता के महत्व को बच्चों को सिखाने के लिए भत्ता,उच्च शिक्षा के लिए बैंक से ऋण लेने वाले विद्यार्थियों को ब्याज अनुदान,0.6041814
data technician by day a data technician by night,,दिन में डेटा तकनीशियन और रात में डेटा तकनीशियन,दिन में डॉक्टर रहती है लेकिन रात को सिर्फ नर्स व आया रहती है। मरीज को अगर कोई दिक्कत होती है तो स्टाफ बुलाने के बाद भी कोई नहीं सुनता।,0.631973
lester holt begins debate by reminding audience these the candidates they chose,,लेस्टर होल्ट ने दर्शकों को याद दिलाकर बहस शुरू की कि इन उम्मीदवारों को उन्होंने चुना है।,डिबेट की शुरुआत में  होस्ट क्रिस वैलेस ने दोनों प्रतिद्वंदियों से सुप्रीम कोर्ट के अगले न्यायाधीश के नामांकन को लेकर सवाल पूछा.,0.6057222
report: election may come down to single candidate,,रिपोर्टः चुनाव केवल एक उम्मीदवार के लिए हो सकता है,चयन प्रक्रिया: इंटरव्यू और परीक्षा के आधार पर चयन होगा।,0.6299732
cia headquarters disappears,,सीआईए मुख्यालय गायब हो जाता है,"केन्द्रीय जाँच अन्वेषण ब्यूरो यानी सीबीआई निरंतर अपनी साख खोती जा रही है, समय आ गय…",0.6073563
man surrounded by loved ones feels awkward being only person dying,,प्रियजनों से घिरे आदमी को अकेले मरने वाला व्यक्ति होने के लिए असहज महसूस होता है,-सच्चे दोस्त नहीं मिलने से अकेलेपन के चलते हो रहे डिप्रेशन के शिकार,0.6268852
child makes useless gesture to help struggling family,,बच्चे संघर्षरत परिवार की मदद करने के लिए बेकार इशारा करता है,परिवार ने लगाई मदद की गुहार,0.6510977
obama's aunt sends him article mentioning united states,,ओबामा की चाची ने उन्हें संयुक्त राज्य अमेरिका का उल्लेख करने वाली एक लेख भेजी,ममता ने पीएम को पत्र लिखकर भेजने से किया इनकार,0.61437035
report: it going to take way more than an inconceivable act of violence for country to rise above politics,,रिपोर्ट: देश को राजनीति से ऊपर उठने के लिए अकल्पनीय हिंसा से अधिक की आवश्यकता होगी।,"और सच कहें, तो कांग्रेस से ज्यादा देश की जरूरत है.",0.60429335
picture most closely resembling actual self immediately deleted,,तस्वीर सबसे निकटता से वास्तविक स्वयं की तरह लग रहा है तुरंत हटा दिया,फोटो की डिलीट,0.60111856
"woman deriving some sort of sick pleasure from healthy new diet, lifestyle",,"महिला स्वस्थ नए आहार, जीवन शैली से कुछ तरह की बीमार आनंद प्राप्त","नई दिल्ली| बच्चे हरी सब्जियां, अंकुरित अनाज खाना ज्यादा पसंद नहीं करते हैं, लेकिन उनके स्वास्थय के लिए स्वस्थ आहार लेना बेहद जरूरी है, इसलिए उन्हें स्वास्थ्यप्रद भोजन इस तरह से परोसें कि देखने में यह अच्छा दिखे और वे खाने में दिलचस्पी लें।  जिमपिक (ऑनलाइन फिटनेस प्लेटफॉर्म) की पोषण व आहार विशेषज्ञ सुजेता शेट्टी और डॉक्टर इंस्टा (टेली-मेडिसिन प्लेटफॉर्म) की आहार विशेषज्ञ ने बच्चों के मन में स्वस्थ आहार के प्रति रुचि जगाने के संबंध में सुझाव दिए हैं।",0.61048824
kim jong-un panics after returning to north korea to find country's populace has escaped,,किम जोंग-उन उत्तर कोरिया लौटने के बाद घबरा गए देश की आबादी भाग गई है,किम जोंग-इल के देहांत के बाद नॉर्थ कोरिया के हजारों नागरिकों को 6 महीने की सजा सुनाई गई थी। सरकार के मुताबिक अपने नेता की मौत पर वे उतने दुखी नहीं दिख रहे थे जितना कि उन्हें दिखना चाहिए था। (Photo: AP),0.63086575
woman who changed self to please boyfriend enjoying happy long-term relationship,,एक महिला जो अपने प्रेमी को खुश करने के लिए खुद को बदलती है सुखद दीर्घकालिक संबंध का आनंद ले रही है,भारतीय महिलाओं को विवाह के बाद मां बनने का सुख मिलता है. मां के लिए ये पल बहुत ही अच्छा होता है. इससे विवाहित जीवन में और मधुरता आ जाती है. परिवार में खुशिया फ़ैल जाती है.,0.6043999
epa warns americans not to breathe,,ईपीए अमेरिकियों को सांस नहीं लेने की चेतावनी देता है,अमेरिकी विमानों को पाकिस्तान एयरस्पेस इस्तेमाल न करने की सलाह,0.6290607
trump resigns from presidents local 150 in protest of unions,,ट्रेड यूनियनों के विरोध में ट्रंप ने राष्ट्रपति पद से इस्तीफा दे दिया,ट्रंप के दावे को खारिज कर चुकी है सरकार,0.73146653
"passage of health care reform brings democrat-republican score to 317,622-318,047",,"स्वास्थ्य सेवा सुधार के पारित होने से डेमोक्रेटिक-रिपब्लिकन स्कोर 317,622-318,047 हो गया है।","2- 3,869 लोगों को ठीक होने के बाद अस्पताल से छुट्टी मिल चुकी है.",0.65080357
"'you are donald trump, 45th president of the united states,' trump reads from faded tattoo on wrist",,"'आप डोनाल्ड ट्रंप हैं, संयुक्त राज्य अमेरिका के 45 वें राष्ट्रपति,' ट्रंप ने कलाई पर फीका हुआ टैटू से पढ़ा",अमेरिका के राष्ट्रपति डॉनल्ड ट्रंप ने आज कहा कि चीन के साथ उनके देश की,0.64954776
courtroom artist clearly infatuated with bailiff,,कोर्ट रूम कलाकार स्पष्ट रूप से न्यायिक अधिकारी से प्यार करता था,"एक्ट्रेस के बेडरूम सीक्रेट का हुआ कोर्ट में खुलासा, एक्टर पति ने बताई हर बात, हर कोई हैरान",0.6027647
hillary launches campaign to raise $100 million or else she'll run for president,,हिलेरी ने $100 मिलियन जुटाने के लिए अभियान शुरू किया अन्यथा वह राष्ट्रपति पद के लिए दौड़ेंगी,Home » दुनिया » एशियाई अमेरिकियों तक पहुंचने के लिए हिलेरी का अभियान शुरू,0.62183636
grocery-store worker can't bear to eat food anymore,,किराने की दुकान में काम करने वाला अब खाना नहीं खा सकता,अब गेहूं के अवशेषों में आग लगाने वाले किसानों की खैर नहीं,0.6230984
school teacher not about to risk her life for derek,,स्कूल के शिक्षक डेरेक के लिए अपनी जान जोखिम में रखने के बारे में नहीं है,चुनाव ड्यूटी के दौरान मौत के मामले में शिक्षकों ने दी अदालत का दरवाजा खटखटाने की चेतावनी,0.6054027
scientists find human vocal cords developed over millennia to lower voice when speculating on acquaintance's sexual orientation,,वैज्ञानिकों का कहना है कि मनुष्य की आवाज की तारें सहस्राब्दियों के दौरान विकसित हुई हैं ताकि परिचितों की यौन अभिविन्यास के बारे में अनुमान लगाने पर उनकी आवाज कम हो।,"सिगमैन ने कहा कि ये वेबसाइट्स लोगों के बीच आपसी संपर्क बढ़ाने के उद्देश्य से बनाई गई हैं, पर ये लोगों को ज्यादा अकेला कर रही हैं। शोध बताते हैं कि वर्ष 1987 से लोगों के आमने-सामने बात करने के घंटों में काफी कमी आई है, क्योंकि इलेक्ट्रॉनिक माध्यम का इस्तेमाल बढ़ गया है।",0.61935806
study finds 79% of statistics now sobering,,अध्ययन में पाया गया है कि 79% आंकड़े अब समझदार हैं,"साप्ताहिक पत्रिका स्टैर्न द्वारा कराए गए जनमत सर्वेक्षण में 79 फीसदी लोगों का कहना है कि सामाजिक कल्याण भत्ता पाने वाले इन परिवारों के बच्चों को ट्यूशन, संगीत शिक्षा और खेल संगठनों की सदस्यता के लिए टोकन दिया जाना चाहिए.",0.6175481
cuba to buy car,,कार खरीदने के लिए क्यूबा,खरीद सकेंगे खुद की कार,0.6969484
perfect gentleman does not assault drunk woman,,पूर्ण सज्जन शराबी स्त्री पर आक्रमण नहीं करता,दूल्हे ने दुल्हन पर धारदार हथियार से किया हमला,0.6095165
local audience deemed 'great',,"स्थानीय दर्शकों को ""महान"" माना जाता है",‘अधिक स्थानीय दृष्टिकोण की आवश्यकता ’,0.62536156
couple always like this,,हमेशा इस तरह की एक जोड़ी,पहली बार हुआ ऐसा,0.63163376
second-semester fling leads to first-trimester abortion,,दूसरे सेमेस्टर में छेड़खानी करने से पहली तिमाही में गर्भपात होता है,पहली कक्षा में प्रवेश मार्च के पहले हफ्ते से,0.6279871
pet winterized,,पालतू जानवर सर्दियों में,सर्दियों में बच्चों की देखभाल कैसे करे,0.72619116
local man dies following short battle with gas leak explosion,,गैस रिसाव विस्फोट के बाद एक स्थानीय व्यक्ति की मौत हो गई,घर में लगी आग से बुजुर्ग की जलकर मौत,0.64976287
report: iran less than 10 years away from 2016,,रिपोर्टः ईरान 2016 से 10 साल से भी कम दूर है,कोरोना से भारत को अन्य देशों की तुलना में कम नुकसान,0.6240428
man could see himself spending rest of life with image of woman in head,,पुरुष अपने जीवन के बाकी हिस्सों में महिला की छवि के साथ खुद को देख सकता है,यहां हम बता रहे हैं कि एक पुरुष की जिंदगी में अलग-अलग महिलाओं को उसकी मृत्यु पर संपत्ति में कैसे हिस्सा मिल सकता है।,0.6181555
north korea tests out new knife in smaller escalation of threats to u.s.,,उत्तर कोरिया ने अमेरिका के लिए खतरों को कम करने के लिए नई चाकू का परीक्षण किया।,शुक्रवार को ट्रंप ने कहा था कि उन्हें इस बात से निराशा है कि उत्तर कोरिया फिर से हथियारों का परीक्षण करने शुरु करेगा.,0.6727825
man dies all by himself,,मनुष्य अपने आप मर जाता है,आत्मके्द्रिरत होते हैं पुरुष,0.6901693
north korea nukes self in desperate plea for attention,,उत्तर कोरिया ने खुद को परमाणु हथियारों से नष्ट कर दिया है।,अमेरिकी राष्ट्रपति डोनाल्ड ट्रंप ने कहा है कि उत्तर कोरिया अपने सभी परमाणु परीक्षण स्थलों को खत्म करने पर काम कर रहा है।,0.69123197
new facebook feature allows user to cancel account,,नई फेसबुक सुविधा उपयोगकर्ता खाता रद्द करने के लिए अनुमति देता है,डेस्क : आये दिन फेसबुक अपने फिचर में कुछ न कुछ नया ला रहा है अभी हाल ही में आप को बता दें की लाइक काउंट हाइड करने का फैसला किया है और अब फोटो अपलोड करने पर चेहरा पहचानने वाले अपने उस सॉफ्टवेयर का प्रयोग बंद करने का फैसला भी ले लिया है जो यूजर्स को ‘टैग’ संबंधी सुझाव देता था. फेसबुक ने बताया कि वह ‘टैग’ संबंधी सुझाव देने वाली सेवा के बजाए चेहरा पहचानने वाली ऐसी सैटिंग मुहैया करा रहा है जो केवल टैग करने के लिए ही नहीं बल्कि विभिन्न इस्तेमाल के लिए फोटो में लोगों का चेहरा पहचानती है.,0.6364126
college professor reminds students it will take a few classes to memorize everyone's triggers,,कॉलेज के प्रोफेसर छात्रों को याद दिलाता है कि सभी के ट्रिगर को याद करने के लिए कुछ कक्षाओं की आवश्यकता होगी,कॉलेजों को टेक्नोफ्रेंडली बनाने को प्रोफेसरों की लगेगी क्लास,0.628707
area man released after being wrongfully employed for 9 years,,9 साल तक अवैध रूप से काम पर रहने के बाद क्षेत्र के एक व्यक्ति को रिहा कर दिया गया,अच्छे आचरण की वजह से 2016 में उसे जेल रिहा कर दिया गया था,0.62417394
god pissed solar eclipse not visible from heaven,,ईश्वर ने सूर्य ग्रहण को स्वर्ग से दिखाई नहीं दिया,"ईश्वर है-नहीं है,",0.6030294
report: majority of married people get up and go to second family's house as soon as spouse asleep,,रिपोर्ट: अधिकांश विवाहित लोग उठकर दूसरे परिवार के घर जाते हैं जैसे ही पति-पत्नी सो जाते हैं।,ज्योतिष शास्त्र के अनुसार जिस तरह घर में नए सदस्य के आने की खबर मिलने पर हम मनुष्य उत्साहित रहते हैं और उनके स्वागत की तैयारी करते हैं। कुछ इसी तरह जब कोई व्यक्ति संसार को छोड़कर परलोक की यात्रा पर जाने वाला होता है तो परलोक गए उनके पूर्वज और आत्माएं उत्साहित रहते हैं और अपनी दुनिया में नए सदस्य के आने की खुशी में रहते हैं।,0.61913633
miss america called before u.n. council for not promoting enough world peace,,मिस अमेरिका ने विश्व शांति को बढ़ावा नहीं देने के लिए संयुक्त राष्ट्र परिषद के समक्ष बुलाया,Home » दुनिया » अमेरिका ने म्यांमा से की भीड़ पर फॉस्फोरस का इस्तेमाल नहीं करने की अपील,0.6200479
